total_kids,adr
0,97.49338361714943
1,137.32505979760808
2,178.29982223401433
3,187.13135135135133
9,95.0
10,108.805
